eval_idx,units,dropout,lr,optimizer,batch_size,l2,val_auc,elapsed_sec
1,"(79, 46)",0.5327633406864472,0.0008114833039339667,rmsprop,16,3.663584291866188e-07,0.0,3.5680270195007324
2,"(250, 49)",0.4391263726182486,0.0007549840338285555,rmsprop,16,5.958675748903772e-07,0.0,4.142025947570801
